INSERT INTO users (id, telegram_id, username, first_name, last_name, photo_url, balance, referral_code, referred_by, created_at, deposited_balance, total_topup, total_earned, free_scratch_used, last_active) VALUES (1, 7589153715, 'Nickolaw', 'Николай', '', 'https://t.me/i/userpic/320/pxe0Nz_Bf4ktP97VKxLnMbpzcRcoLY1C2a0jFrlwcAFlHEXmhZ-qSlNIDeXQ7RGQ.svg', 165503.84999999998, 'MP4SSL7Y', 0, '2026-02-20 19:07:24', 0.0, 0.0, 8.850000000000001, 1, 1772123379.9200945) ON CONFLICT (telegram_id) DO NOTHING;
INSERT INTO users (id, telegram_id, username, first_name, last_name, photo_url, balance, referral_code, referred_by, created_at, deposited_balance, total_topup, total_earned, free_scratch_used, last_active) VALUES (2, 5257227756, 'Goshan_wow', 'Игорь', '', 'https://t.me/i/userpic/320/i1lLcV--aGv9IWIY_Jzemwf88jHYvRq0VnABZT5rVmRz77HI32Mem9gIQmvCJrVI.svg', 15328.0, '691B4KK3', 0, '2026-02-20 19:21:35', 5.0, 0.0, 0.0, 1, 1772122619.254866) ON CONFLICT (telegram_id) DO NOTHING;
INSERT INTO users (id, telegram_id, username, first_name, last_name, photo_url, balance, referral_code, referred_by, created_at, deposited_balance, total_topup, total_earned, free_scratch_used, last_active) VALUES (3, 6108150619, 'RasswetGiftsRelayer', 'RasswetGifts Relayer', '', 'https://t.me/i/userpic/320/hfCV-9NdiIwbmpvFLRtPVJMGHBrvZLTXFXFmTjyuKFonJ9gwhVXfgIvNKN1bkHQt.svg', 5.350000000000001, 'MUGPZ6BK', 5257227756, '2026-02-20 20:30:10', 60.0, 0.0, 3.3499999999999996, 1, 0.0) ON CONFLICT (telegram_id) DO NOTHING;
INSERT INTO users (id, telegram_id, username, first_name, last_name, photo_url, balance, referral_code, referred_by, created_at, deposited_balance, total_topup, total_earned, free_scratch_used, last_active) VALUES (4, 8385152628, 'VIVIXCOIN', 'VIVIX #vibe', '', 'https://t.me/i/userpic/320/2KLqEn1TOFSBBNScGVxi2L59pAQhc-aVRnC2PaP_TMXibuOVyekVQjqLHsc4Y-EW.svg', 0.75, 'ITHKWEE9', 0, '2026-02-21 05:17:01', 0.0, 0.0, 0.75, 0, 1772100156.5837207) ON CONFLICT (telegram_id) DO NOTHING;
INSERT INTO users (id, telegram_id, username, first_name, last_name, photo_url, balance, referral_code, referred_by, created_at, deposited_balance, total_topup, total_earned, free_scratch_used, last_active) VALUES (5, 7936056945, 'IgorStandOffer', 'Михаил ОТВЕЧАЮ ПО ВОЗМОЖНОСТИ ИНТЕРНЕТ ГЛУШАТ', '', 'https://t.me/i/userpic/320/y-z02QPbFvm7QDxNFozTXbA91Q5n1ninViuODQu8Ve7ghSkmTf79HYNCnmQcFvxB.svg', 0.8500000000000014, 'DAUX4KHZ', 0, '2026-02-21 14:39:47', 0.0, 0.0, 3.3499999999999996, 0, 0.0) ON CONFLICT (telegram_id) DO NOTHING;
INSERT INTO users (id, telegram_id, username, first_name, last_name, photo_url, balance, referral_code, referred_by, created_at, deposited_balance, total_topup, total_earned, free_scratch_used, last_active) VALUES (6, 8323180231, 'NFTpipa', '𝗣𝗜𝗣𝗔 | скуп NFT', '', 'https://t.me/i/userpic/320/ZLcida4fQFmDtHmbcJjLJbZqoUWo5MoMJPFyuXO6BLSSxt6es61EwIZ-xDlt_1aU.svg', 1.85, '9UL6WO7M', 0, '2026-02-21 21:06:51', 0.0, 0.0, 1.85, 0, 0.0) ON CONFLICT (telegram_id) DO NOTHING;
INSERT INTO users (id, telegram_id, username, first_name, last_name, photo_url, balance, referral_code, referred_by, created_at, deposited_balance, total_topup, total_earned, free_scratch_used, last_active) VALUES (7, 8072963909, 'FF000102', 'FedEx', '', 'https://t.me/i/userpic/320/zArmiBGWXvFIqWX2TQnE2oNaMDV3p07eTV6QpD0p_QQnYsp82kgIwTx_XjFS3OfB.svg', 14.5, 'X1O7RA7S', 0, '2026-02-21 21:07:27', 0.0, 0.0, 0.0, 0, 0.0) ON CONFLICT (telegram_id) DO NOTHING;
INSERT INTO users (id, telegram_id, username, first_name, last_name, photo_url, balance, referral_code, referred_by, created_at, deposited_balance, total_topup, total_earned, free_scratch_used, last_active) VALUES (8, 5982920474, 'kiryache_ww', 'Кирилл', '', 'https://t.me/i/userpic/320/9wEwEbNypPvgGHJzkM4CC-1E5i7wPin0fhwmHVPiomHgrGdfi-lpfJyvJ2UGHO8X.svg', 0.0, 'JV7NM7U7', 0, '2026-02-21 21:19:52', 0.0, 0.0, 0.0, 0, 0.0) ON CONFLICT (telegram_id) DO NOTHING;
INSERT INTO users (id, telegram_id, username, first_name, last_name, photo_url, balance, referral_code, referred_by, created_at, deposited_balance, total_topup, total_earned, free_scratch_used, last_active) VALUES (9, 7726160961, 'MillerCringe', 'Miller', '', 'https://t.me/i/userpic/320/TqXA3cU6iGK55fQ1A2gm5WMvUYNmt1GXqRk6qr1CeYGxP6fFAd9W1n7rYp_3iyvh.svg', 94540.85, 'YH1NCQNK', 0, '2026-02-22 07:48:10', 485.0, 0.0, 1.85, 1, 1771997425.8467617) ON CONFLICT (telegram_id) DO NOTHING;
INSERT INTO users (id, telegram_id, username, first_name, last_name, photo_url, balance, referral_code, referred_by, created_at, deposited_balance, total_topup, total_earned, free_scratch_used, last_active) VALUES (10, 5697691461, 'meuku1', 'хурма / авель ྀིྀི #моллисучка', '', 'https://t.me/i/userpic/320/e0_zLzVqAAndjUUV_7_GFUONfTW_Ps_khvVKmDiI9DKZe30-CIhm9enZugAQmRmb.svg', 0.0, '19Q6MDVW', 0, '2026-02-22 09:37:56', 0.0, 0.0, 0.0, 0, 0.0) ON CONFLICT (telegram_id) DO NOTHING;
INSERT INTO users (id, telegram_id, username, first_name, last_name, photo_url, balance, referral_code, referred_by, created_at, deposited_balance, total_topup, total_earned, free_scratch_used, last_active) VALUES (11, 6507398790, 'Karv1kSt', 'Монтажная пена#володякент', '', 'https://t.me/i/userpic/320/HIuCffcD264SKZ8aVZGirxacQLlDbu9W2X0744mus14W8H7WI9HGvycKrFUDimVA.svg', 0.0, '8M38N258', 0, '2026-02-24 17:48:01', 0.0, 0.0, 0.0, 0, 1771955281.629707) ON CONFLICT (telegram_id) DO NOTHING;
INSERT INTO users (id, telegram_id, username, first_name, last_name, photo_url, balance, referral_code, referred_by, created_at, deposited_balance, total_topup, total_earned, free_scratch_used, last_active) VALUES (12, 7638498922, 'fuckpsixic', 'Добрый психик| WhiteGrob', '', 'https://t.me/i/userpic/320/iFrgVxbmCSzVfuaz5kDF6gv2XOtB36bioKwx6l4G0jRofTWr-GkB-q7L2F-lKnzQ.svg', 6.85, 'TVOE8CPP', 0, '2026-02-24 19:26:43', 0.0, 0.0, 1.85, 1, 1772071784.8280416) ON CONFLICT (telegram_id) DO NOTHING;
INSERT INTO users (id, telegram_id, username, first_name, last_name, photo_url, balance, referral_code, referred_by, created_at, deposited_balance, total_topup, total_earned, free_scratch_used, last_active) VALUES (13, 6697606199, '', 'смертельноболен', '', 'https://t.me/i/userpic/320/UDcYmEmKbinWyqQdYqx9-AIK_v_YSI-wMDsyi93bSj2qjnkebSkIPjoYtT60v7vK.svg', 0.25, 'FH53D9C2', 0, '2026-02-26 09:38:31', 0.0, 0.0, 0.25, 0, 1772099487.8202748) ON CONFLICT (telegram_id) DO NOTHING;
INSERT INTO users (id, telegram_id, username, first_name, last_name, photo_url, balance, referral_code, referred_by, created_at, deposited_balance, total_topup, total_earned, free_scratch_used, last_active) VALUES (14, 5972989250, '', 'детка', '', 'https://t.me/i/userpic/320/ihmnDr16UIIHtZ2IOXmrEM9KcWWdvUGopQRU74OIKERMrqp6DYE-mMSoeeNtojMt.svg', 2.3499999999999996, '75V2STVY', 0, '2026-02-26 09:45:35', 0.0, 0.0, 2.3499999999999996, 0, 1772099407.6733959) ON CONFLICT (telegram_id) DO NOTHING;
SELECT setval(pg_get_serial_sequence('users', 'id'), COALESCE((SELECT MAX(id) FROM users), 1));

INSERT INTO tasks (id, type, title, description, reward, link, channel_id, is_active, created_at, reward_type, reward_gift_id, goal_type, goal_amount) VALUES (9, 'subscribe', 'Подписаться на канал ', '', 0.3, 'https://t.me/+-zh1ak-GYi8yZmMy', 'https://t.me/+-zh1ak-GYi8yZmMy', 1, '2026-02-21 20:21:23', 'stars', 0.0, '', 0.0);
INSERT INTO tasks (id, type, title, description, reward, link, channel_id, is_active, created_at, reward_type, reward_gift_id, goal_type, goal_amount) VALUES (10, 'subscribe', 'Подписаться на канал ', '', 0.5, 'https://t.me/+24YCaxPo-zAyYTU6', 'https://t.me/+24YCaxPo-zAyYTU6', 1, '2026-02-21 20:22:38', 'stars', 0.0, '', 0.0);
INSERT INTO tasks (id, type, title, description, reward, link, channel_id, is_active, created_at, reward_type, reward_gift_id, goal_type, goal_amount) VALUES (11, 'chat', 'Подписаться на чат ', '', 0.25, 'https://t.me/+ZhQbrp6NopxjNTVi', 'https://t.me/+ZhQbrp6NopxjNTVi', 1, '2026-02-21 20:23:05', 'stars', 0.0, '', 0.0);
INSERT INTO tasks (id, type, title, description, reward, link, channel_id, is_active, created_at, reward_type, reward_gift_id, goal_type, goal_amount) VALUES (12, 'chat', 'Подписаться на чат ', '', 0.3, 'https://t.me/+btldWZKZlis1ZGZi', 'https://t.me/+btldWZKZlis1ZGZi', 1, '2026-02-21 20:23:36', 'stars', 0.0, '', 0.0);
INSERT INTO tasks (id, type, title, description, reward, link, channel_id, is_active, created_at, reward_type, reward_gift_id, goal_type, goal_amount) VALUES (14, 'referral', 'Приведи реферала ', 'Приведи 10 рефералов и получи дополнительный бонус ', 10.0, '', '', 1, '2026-02-21 20:28:12', 'stars', 0.0, 'referral', 10.0);
INSERT INTO tasks (id, type, title, description, reward, link, channel_id, is_active, created_at, reward_type, reward_gift_id, goal_type, goal_amount) VALUES (15, 'subscribe', 'Подписаться на канал ', '', 0.25, 'https://t.me/Paket_gifta', 'https://t.me/Paket_gifta', 1, '2026-02-21 20:29:29', 'stars', 0.0, '', 0.0);
INSERT INTO tasks (id, type, title, description, reward, link, channel_id, is_active, created_at, reward_type, reward_gift_id, goal_type, goal_amount) VALUES (16, 'subscribe', 'Подписаться на канал ', '', 0.25, 'https://t.me/PaketGift', 'https://t.me/PaketGift', 1, '2026-02-21 20:29:59', 'stars', 0.0, '', 0.0);
INSERT INTO tasks (id, type, title, description, reward, link, channel_id, is_active, created_at, reward_type, reward_gift_id, goal_type, goal_amount) VALUES (17, 'topup', 'Сделать депозит ', '', 25.0, '', '', 1, '2026-02-24 19:42:19', 'stars', 0.0, 'topup', 100.0);
INSERT INTO tasks (id, type, title, description, reward, link, channel_id, is_active, created_at, reward_type, reward_gift_id, goal_type, goal_amount) VALUES (18, 'topup', 'Сделать депозит ', '', 100.0, '', '', 1, '2026-02-24 19:42:55', 'stars', 0.0, 'topup', 1000.0);
INSERT INTO tasks (id, type, title, description, reward, link, channel_id, is_active, created_at, reward_type, reward_gift_id, goal_type, goal_amount) VALUES (19, 'chat', 'Вступить в чат  ', '', 0.5, 'https://t.me/LunaGifta', 'https://t.me/LunaGifta', 1, '2026-02-26 08:17:55', 'stars', 0.0, '', 0.0);
SELECT setval(pg_get_serial_sequence('tasks', 'id'), COALESCE((SELECT MAX(id) FROM tasks), 1));

INSERT INTO inventory (id, user_id, gift_id, gift_name, gift_image, gift_price, acquired_at, item_type, case_id) VALUES (111, 6108150619, 109, 'Bear', '/static/img/gifts/bear.gif', 15.0, '2026-02-21 10:19:45', 'gift', 0);
INSERT INTO inventory (id, user_id, gift_id, gift_name, gift_image, gift_price, acquired_at, item_type, case_id) VALUES (648, 5257227756, 42, 'Crystal Balls', '/static/img/gifts/crystalball.webp', 1380.0, '2026-02-24 19:27:42', 'gift', 0);
INSERT INTO inventory (id, user_id, gift_id, gift_name, gift_image, gift_price, acquired_at, item_type, case_id) VALUES (650, 5257227756, 76, 'Mousse Cakes', '/static/img/gifts/moussecake.webp', 456.0, '2026-02-24 19:29:07', 'gift', 0);
INSERT INTO inventory (id, user_id, gift_id, gift_name, gift_image, gift_price, acquired_at, item_type, case_id) VALUES (665, 7726160961, 5, 'Lol Pops', '/static/img/gifts/lolpop.webp', 460.0, '2026-02-24 19:44:47', 'gift', 0);
INSERT INTO inventory (id, user_id, gift_id, gift_name, gift_image, gift_price, acquired_at, item_type, case_id) VALUES (666, 5257227756, 68, 'Xmas Stockings', '/static/img/gifts/xmasstocking.webp', 416.0, '2026-02-24 19:45:13', 'gift', 0);
INSERT INTO inventory (id, user_id, gift_id, gift_name, gift_image, gift_price, acquired_at, item_type, case_id) VALUES (667, 7726160961, 56, 'Money Pots', '/static/img/gifts/moneypot.webp', 461.0, '2026-02-24 19:47:28', 'gift', 0);
INSERT INTO inventory (id, user_id, gift_id, gift_name, gift_image, gift_price, acquired_at, item_type, case_id) VALUES (668, 7726160961, 42, 'Crystal Balls', '/static/img/gifts/crystalball.webp', 1380.0, '2026-02-24 19:47:38', 'gift', 0);
INSERT INTO inventory (id, user_id, gift_id, gift_name, gift_image, gift_price, acquired_at, item_type, case_id) VALUES (669, 7726160961, 11, 'Clover Pins', '/static/img/gifts/cloverpin.webp', 472.0, '2026-02-24 19:47:53', 'gift', 0);
INSERT INTO inventory (id, user_id, gift_id, gift_name, gift_image, gift_price, acquired_at, item_type, case_id) VALUES (678, 7589153715, 109, 'Bear', '/static/img/gifts/bear.gif', 15.0, '2026-02-26 10:05:14', 'gift', 0);
INSERT INTO inventory (id, user_id, gift_id, gift_name, gift_image, gift_price, acquired_at, item_type, case_id) VALUES (679, 7589153715, 15, 'Instant Ramens', '/static/img/gifts/instantramen.webp', 428.0, '2026-02-26 14:57:33', 'gift', 0);
INSERT INTO inventory (id, user_id, gift_id, gift_name, gift_image, gift_price, acquired_at, item_type, case_id) VALUES (680, 7589153715, 68, 'Xmas Stockings', '/static/img/gifts/xmasstocking.webp', 416.0, '2026-02-26 14:57:37', 'gift', 0);
INSERT INTO inventory (id, user_id, gift_id, gift_name, gift_image, gift_price, acquired_at, item_type, case_id) VALUES (681, 7589153715, 18, 'Party Sparklers', '/static/img/gifts/partysparkler.webp', 430.0, '2026-02-26 14:57:39', 'gift', 0);
INSERT INTO inventory (id, user_id, gift_id, gift_name, gift_image, gift_price, acquired_at, item_type, case_id) VALUES (682, 7589153715, 29, 'Lunar Snakes', '/static/img/gifts/lunarsnake.webp', 428.0, '2026-02-26 14:57:40', 'gift', 0);
INSERT INTO inventory (id, user_id, gift_id, gift_name, gift_image, gift_price, acquired_at, item_type, case_id) VALUES (683, 7589153715, 67, 'Winter Wreaths', '/static/img/gifts/winterwreath.webp', 430.0, '2026-02-26 14:57:43', 'gift', 0);
INSERT INTO inventory (id, user_id, gift_id, gift_name, gift_image, gift_price, acquired_at, item_type, case_id) VALUES (684, 7589153715, 4, 'Ice Creams', '/static/img/gifts/icecream.webp', 433.0, '2026-02-26 14:57:44', 'gift', 0);
INSERT INTO inventory (id, user_id, gift_id, gift_name, gift_image, gift_price, acquired_at, item_type, case_id) VALUES (685, 7589153715, 66, 'Whip Cupcakes', '/static/img/gifts/whipcupcake.webp', 434.0, '2026-02-26 14:57:45', 'gift', 0);
INSERT INTO inventory (id, user_id, gift_id, gift_name, gift_image, gift_price, acquired_at, item_type, case_id) VALUES (686, 7589153715, 61, 'Snake Boxes', '/static/img/gifts/snakebox.webp', 435.0, '2026-02-26 14:57:47', 'gift', 0);
INSERT INTO inventory (id, user_id, gift_id, gift_name, gift_image, gift_price, acquired_at, item_type, case_id) VALUES (687, 7589153715, 22, 'Candy Canes', '/static/img/gifts/candycane.webp', 440.0, '2026-02-26 14:57:48', 'gift', 0);
INSERT INTO inventory (id, user_id, gift_id, gift_name, gift_image, gift_price, acquired_at, item_type, case_id) VALUES (688, 7589153715, 35, 'Stellar Rockets', '/static/img/gifts/stellarrocket.webp', 440.0, '2026-02-26 14:57:50', 'gift', 0);
INSERT INTO inventory (id, user_id, gift_id, gift_name, gift_image, gift_price, acquired_at, item_type, case_id) VALUES (689, 7589153715, 37, 'Tama Gadgets', '/static/img/gifts/tamagadget.webp', 440.0, '2026-02-26 14:57:53', 'gift', 0);
INSERT INTO inventory (id, user_id, gift_id, gift_name, gift_image, gift_price, acquired_at, item_type, case_id) VALUES (690, 7589153715, 109, 'Bear', '/static/img/gifts/bear.gif', 15.0, '2026-02-26 14:57:59', 'gift', 0);
INSERT INTO inventory (id, user_id, gift_id, gift_name, gift_image, gift_price, acquired_at, item_type, case_id) VALUES (691, 7589153715, 109, 'Bear', '/static/img/gifts/bear.gif', 15.0, '2026-02-26 14:58:07', 'gift', 0);
INSERT INTO inventory (id, user_id, gift_id, gift_name, gift_image, gift_price, acquired_at, item_type, case_id) VALUES (692, 7589153715, 109, 'Bear', '/static/img/gifts/bear.gif', 15.0, '2026-02-26 14:58:08', 'gift', 0);
INSERT INTO inventory (id, user_id, gift_id, gift_name, gift_image, gift_price, acquired_at, item_type, case_id) VALUES (693, 7589153715, 5, 'Lol Pops', '/static/img/gifts/lolpop.webp', 460.0, '2026-02-26 15:54:36', 'gift', 0);
INSERT INTO inventory (id, user_id, gift_id, gift_name, gift_image, gift_price, acquired_at, item_type, case_id) VALUES (694, 7589153715, 38, 'Trapped Hearts', '/static/img/gifts/trappedheart.webp', 1390.0, '2026-02-26 16:29:20', 'gift', 0);
INSERT INTO inventory (id, user_id, gift_id, gift_name, gift_image, gift_price, acquired_at, item_type, case_id) VALUES (695, 7589153715, 64, 'Top Hats', '/static/img/gifts/tophat.webp', 1300.0, '2026-02-26 16:29:20', 'gift', 0);
SELECT setval(pg_get_serial_sequence('inventory', 'id'), COALESCE((SELECT MAX(id) FROM inventory), 1));

INSERT INTO completed_tasks (id, user_id, task_id, completed_at) VALUES (1, 5257227756, 1, '2026-02-20 21:58:49') ON CONFLICT (user_id, task_id) DO NOTHING;
INSERT INTO completed_tasks (id, user_id, task_id, completed_at) VALUES (2, 7589153715, 1, '2026-02-21 04:44:47') ON CONFLICT (user_id, task_id) DO NOTHING;
INSERT INTO completed_tasks (id, user_id, task_id, completed_at) VALUES (3, 7589153715, 6, '2026-02-21 04:47:33') ON CONFLICT (user_id, task_id) DO NOTHING;
INSERT INTO completed_tasks (id, user_id, task_id, completed_at) VALUES (4, 8385152628, 6, '2026-02-21 05:17:25') ON CONFLICT (user_id, task_id) DO NOTHING;
INSERT INTO completed_tasks (id, user_id, task_id, completed_at) VALUES (5, 6108150619, 8, '2026-02-21 14:22:40') ON CONFLICT (user_id, task_id) DO NOTHING;
INSERT INTO completed_tasks (id, user_id, task_id, completed_at) VALUES (6, 6108150619, 7, '2026-02-21 14:22:46') ON CONFLICT (user_id, task_id) DO NOTHING;
INSERT INTO completed_tasks (id, user_id, task_id, completed_at) VALUES (7, 6108150619, 6, '2026-02-21 14:22:52') ON CONFLICT (user_id, task_id) DO NOTHING;
INSERT INTO completed_tasks (id, user_id, task_id, completed_at) VALUES (8, 7589153715, 7, '2026-02-21 14:38:30') ON CONFLICT (user_id, task_id) DO NOTHING;
INSERT INTO completed_tasks (id, user_id, task_id, completed_at) VALUES (9, 7589153715, 8, '2026-02-21 14:38:37') ON CONFLICT (user_id, task_id) DO NOTHING;
INSERT INTO completed_tasks (id, user_id, task_id, completed_at) VALUES (10, 7936056945, 8, '2026-02-21 14:39:59') ON CONFLICT (user_id, task_id) DO NOTHING;
INSERT INTO completed_tasks (id, user_id, task_id, completed_at) VALUES (11, 7936056945, 7, '2026-02-21 14:40:06') ON CONFLICT (user_id, task_id) DO NOTHING;
INSERT INTO completed_tasks (id, user_id, task_id, completed_at) VALUES (12, 7936056945, 6, '2026-02-21 14:40:12') ON CONFLICT (user_id, task_id) DO NOTHING;
INSERT INTO completed_tasks (id, user_id, task_id, completed_at) VALUES (13, 6108150619, 9, '2026-02-21 20:31:59') ON CONFLICT (user_id, task_id) DO NOTHING;
INSERT INTO completed_tasks (id, user_id, task_id, completed_at) VALUES (14, 6108150619, 10, '2026-02-21 20:32:04') ON CONFLICT (user_id, task_id) DO NOTHING;
INSERT INTO completed_tasks (id, user_id, task_id, completed_at) VALUES (15, 6108150619, 11, '2026-02-21 20:32:09') ON CONFLICT (user_id, task_id) DO NOTHING;
INSERT INTO completed_tasks (id, user_id, task_id, completed_at) VALUES (16, 6108150619, 12, '2026-02-21 20:32:16') ON CONFLICT (user_id, task_id) DO NOTHING;
INSERT INTO completed_tasks (id, user_id, task_id, completed_at) VALUES (17, 6108150619, 15, '2026-02-21 20:32:24') ON CONFLICT (user_id, task_id) DO NOTHING;
INSERT INTO completed_tasks (id, user_id, task_id, completed_at) VALUES (18, 6108150619, 16, '2026-02-21 20:32:30') ON CONFLICT (user_id, task_id) DO NOTHING;
INSERT INTO completed_tasks (id, user_id, task_id, completed_at) VALUES (19, 8323180231, 10, '2026-02-21 21:07:10') ON CONFLICT (user_id, task_id) DO NOTHING;
INSERT INTO completed_tasks (id, user_id, task_id, completed_at) VALUES (20, 8323180231, 9, '2026-02-21 21:07:16') ON CONFLICT (user_id, task_id) DO NOTHING;
INSERT INTO completed_tasks (id, user_id, task_id, completed_at) VALUES (21, 8323180231, 11, '2026-02-21 21:07:22') ON CONFLICT (user_id, task_id) DO NOTHING;
INSERT INTO completed_tasks (id, user_id, task_id, completed_at) VALUES (22, 8323180231, 12, '2026-02-21 21:07:28') ON CONFLICT (user_id, task_id) DO NOTHING;
INSERT INTO completed_tasks (id, user_id, task_id, completed_at) VALUES (23, 8323180231, 15, '2026-02-21 21:07:37') ON CONFLICT (user_id, task_id) DO NOTHING;
INSERT INTO completed_tasks (id, user_id, task_id, completed_at) VALUES (24, 8323180231, 16, '2026-02-21 21:07:43') ON CONFLICT (user_id, task_id) DO NOTHING;
INSERT INTO completed_tasks (id, user_id, task_id, completed_at) VALUES (25, 7589153715, 15, '2026-02-21 22:35:25') ON CONFLICT (user_id, task_id) DO NOTHING;
INSERT INTO completed_tasks (id, user_id, task_id, completed_at) VALUES (26, 7589153715, 16, '2026-02-21 22:35:31') ON CONFLICT (user_id, task_id) DO NOTHING;
INSERT INTO completed_tasks (id, user_id, task_id, completed_at) VALUES (27, 7589153715, 10, '2026-02-22 06:58:19') ON CONFLICT (user_id, task_id) DO NOTHING;
INSERT INTO completed_tasks (id, user_id, task_id, completed_at) VALUES (28, 7589153715, 9, '2026-02-22 06:58:25') ON CONFLICT (user_id, task_id) DO NOTHING;
INSERT INTO completed_tasks (id, user_id, task_id, completed_at) VALUES (29, 7589153715, 11, '2026-02-22 06:58:31') ON CONFLICT (user_id, task_id) DO NOTHING;
INSERT INTO completed_tasks (id, user_id, task_id, completed_at) VALUES (30, 7589153715, 12, '2026-02-22 06:58:36') ON CONFLICT (user_id, task_id) DO NOTHING;
INSERT INTO completed_tasks (id, user_id, task_id, completed_at) VALUES (31, 7936056945, 16, '2026-02-22 07:04:03') ON CONFLICT (user_id, task_id) DO NOTHING;
INSERT INTO completed_tasks (id, user_id, task_id, completed_at) VALUES (32, 7936056945, 15, '2026-02-22 07:04:09') ON CONFLICT (user_id, task_id) DO NOTHING;
INSERT INTO completed_tasks (id, user_id, task_id, completed_at) VALUES (33, 7936056945, 12, '2026-02-22 07:04:16') ON CONFLICT (user_id, task_id) DO NOTHING;
INSERT INTO completed_tasks (id, user_id, task_id, completed_at) VALUES (34, 7936056945, 11, '2026-02-22 07:04:21') ON CONFLICT (user_id, task_id) DO NOTHING;
INSERT INTO completed_tasks (id, user_id, task_id, completed_at) VALUES (35, 7936056945, 10, '2026-02-22 07:04:27') ON CONFLICT (user_id, task_id) DO NOTHING;
INSERT INTO completed_tasks (id, user_id, task_id, completed_at) VALUES (36, 7936056945, 9, '2026-02-22 07:04:32') ON CONFLICT (user_id, task_id) DO NOTHING;
INSERT INTO completed_tasks (id, user_id, task_id, completed_at) VALUES (37, 8385152628, 11, '2026-02-22 12:19:02') ON CONFLICT (user_id, task_id) DO NOTHING;
INSERT INTO completed_tasks (id, user_id, task_id, completed_at) VALUES (38, 7726160961, 16, '2026-02-23 08:09:14') ON CONFLICT (user_id, task_id) DO NOTHING;
INSERT INTO completed_tasks (id, user_id, task_id, completed_at) VALUES (39, 7726160961, 15, '2026-02-23 08:09:22') ON CONFLICT (user_id, task_id) DO NOTHING;
INSERT INTO completed_tasks (id, user_id, task_id, completed_at) VALUES (40, 7726160961, 12, '2026-02-23 08:09:29') ON CONFLICT (user_id, task_id) DO NOTHING;
INSERT INTO completed_tasks (id, user_id, task_id, completed_at) VALUES (41, 7726160961, 11, '2026-02-23 08:09:35') ON CONFLICT (user_id, task_id) DO NOTHING;
INSERT INTO completed_tasks (id, user_id, task_id, completed_at) VALUES (42, 7726160961, 10, '2026-02-23 08:09:46') ON CONFLICT (user_id, task_id) DO NOTHING;
INSERT INTO completed_tasks (id, user_id, task_id, completed_at) VALUES (43, 7726160961, 9, '2026-02-23 08:09:52') ON CONFLICT (user_id, task_id) DO NOTHING;
INSERT INTO completed_tasks (id, user_id, task_id, completed_at) VALUES (44, 7638498922, 11, '2026-02-25 02:50:22') ON CONFLICT (user_id, task_id) DO NOTHING;
INSERT INTO completed_tasks (id, user_id, task_id, completed_at) VALUES (45, 7638498922, 12, '2026-02-25 02:50:28') ON CONFLICT (user_id, task_id) DO NOTHING;
INSERT INTO completed_tasks (id, user_id, task_id, completed_at) VALUES (46, 7638498922, 10, '2026-02-25 02:50:34') ON CONFLICT (user_id, task_id) DO NOTHING;
INSERT INTO completed_tasks (id, user_id, task_id, completed_at) VALUES (47, 7638498922, 9, '2026-02-25 02:50:40') ON CONFLICT (user_id, task_id) DO NOTHING;
INSERT INTO completed_tasks (id, user_id, task_id, completed_at) VALUES (48, 7638498922, 16, '2026-02-25 02:50:51') ON CONFLICT (user_id, task_id) DO NOTHING;
INSERT INTO completed_tasks (id, user_id, task_id, completed_at) VALUES (49, 7638498922, 15, '2026-02-25 02:51:02') ON CONFLICT (user_id, task_id) DO NOTHING;
INSERT INTO completed_tasks (id, user_id, task_id, completed_at) VALUES (50, 7589153715, 19, '2026-02-26 08:18:10') ON CONFLICT (user_id, task_id) DO NOTHING;
INSERT INTO completed_tasks (id, user_id, task_id, completed_at) VALUES (51, 6697606199, 16, '2026-02-26 09:45:37') ON CONFLICT (user_id, task_id) DO NOTHING;
INSERT INTO completed_tasks (id, user_id, task_id, completed_at) VALUES (52, 5972989250, 19, '2026-02-26 09:45:59') ON CONFLICT (user_id, task_id) DO NOTHING;
INSERT INTO completed_tasks (id, user_id, task_id, completed_at) VALUES (53, 5972989250, 16, '2026-02-26 09:46:09') ON CONFLICT (user_id, task_id) DO NOTHING;
INSERT INTO completed_tasks (id, user_id, task_id, completed_at) VALUES (54, 5972989250, 15, '2026-02-26 09:46:16') ON CONFLICT (user_id, task_id) DO NOTHING;
INSERT INTO completed_tasks (id, user_id, task_id, completed_at) VALUES (55, 5972989250, 12, '2026-02-26 09:46:29') ON CONFLICT (user_id, task_id) DO NOTHING;
INSERT INTO completed_tasks (id, user_id, task_id, completed_at) VALUES (56, 5972989250, 11, '2026-02-26 09:46:35') ON CONFLICT (user_id, task_id) DO NOTHING;
INSERT INTO completed_tasks (id, user_id, task_id, completed_at) VALUES (57, 5972989250, 10, '2026-02-26 09:46:42') ON CONFLICT (user_id, task_id) DO NOTHING;
INSERT INTO completed_tasks (id, user_id, task_id, completed_at) VALUES (58, 5972989250, 9, '2026-02-26 09:46:51') ON CONFLICT (user_id, task_id) DO NOTHING;
SELECT setval(pg_get_serial_sequence('completed_tasks', 'id'), COALESCE((SELECT MAX(id) FROM completed_tasks), 1));

INSERT INTO referrals (id, referrer_id, referred_id, bonus_paid, created_at) VALUES (1, 5257227756, 6108150619, 0, '2026-02-20 20:30:10') ON CONFLICT (referred_id) DO NOTHING;
SELECT setval(pg_get_serial_sequence('referrals', 'id'), COALESCE((SELECT MAX(id) FROM referrals), 1));

INSERT INTO promo_codes (id, code, type, value, case_id, max_uses, used_count, is_active, created_at, gift_id, scratch_id) VALUES (6, 'LUNAVPN', 'stars', 3.0, 0, 100, 1, 1, '2026-02-22 11:54:14', 0, 0) ON CONFLICT (code) DO NOTHING;
INSERT INTO promo_codes (id, code, type, value, case_id, max_uses, used_count, is_active, created_at, gift_id, scratch_id) VALUES (8, 'VPN', 'gift_to_inventory', 0.0, 0, 3, 3, 1, '2026-02-22 12:12:34', 109, 0) ON CONFLICT (code) DO NOTHING;
INSERT INTO promo_codes (id, code, type, value, case_id, max_uses, used_count, is_active, created_at, gift_id, scratch_id) VALUES (11, 'MUSULMANKA', 'stars', 485.0, 0, 1, 1, 1, '2026-02-23 10:40:04', 0, 0) ON CONFLICT (code) DO NOTHING;
INSERT INTO promo_codes (id, code, type, value, case_id, max_uses, used_count, is_active, created_at, gift_id, scratch_id) VALUES (12, 'PIZDA', 'stars', 100000.0, 0, 1, 1, 1, '2026-02-24 19:19:28', 0, 0) ON CONFLICT (code) DO NOTHING;
SELECT setval(pg_get_serial_sequence('promo_codes', 'id'), COALESCE((SELECT MAX(id) FROM promo_codes), 1));

INSERT INTO promo_uses (id, user_id, promo_id, used_at, discount_applied) VALUES (7, 5257227756, 8, '2026-02-22 12:12:39', 0) ON CONFLICT (user_id, promo_id) DO NOTHING;
INSERT INTO promo_uses (id, user_id, promo_id, used_at, discount_applied) VALUES (9, 5257227756, 6, '2026-02-22 12:17:39', 0) ON CONFLICT (user_id, promo_id) DO NOTHING;
INSERT INTO promo_uses (id, user_id, promo_id, used_at, discount_applied) VALUES (11, 7726160961, 11, '2026-02-23 10:41:06', 0) ON CONFLICT (user_id, promo_id) DO NOTHING;
INSERT INTO promo_uses (id, user_id, promo_id, used_at, discount_applied) VALUES (12, 7726160961, 8, '2026-02-24 18:43:34', 0) ON CONFLICT (user_id, promo_id) DO NOTHING;
INSERT INTO promo_uses (id, user_id, promo_id, used_at, discount_applied) VALUES (13, 7726160961, 12, '2026-02-24 19:20:15', 0) ON CONFLICT (user_id, promo_id) DO NOTHING;
INSERT INTO promo_uses (id, user_id, promo_id, used_at, discount_applied) VALUES (14, 7638498922, 8, '2026-02-24 19:27:54', 0) ON CONFLICT (user_id, promo_id) DO NOTHING;
SELECT setval(pg_get_serial_sequence('promo_uses', 'id'), COALESCE((SELECT MAX(id) FROM promo_uses), 1));

INSERT INTO withdrawals (id, user_id, amount, gifts_json, status, error_msg, created_at, processed_at, retry_count) VALUES (1, 5257227756, 500.0, '[{"id": 115, "name": "Bouquet", "star_count": 50, "qty": 2}, {"id": 116, "name": "Cup", "star_count": 100, "qty": 1}, {"id": 117, "name": "Ring", "star_count": 100, "qty": 2}, {"id": 118, "name": "Diamond", "star_count": 100, "qty": 1}]', 'rejected', 'Отклонено администратором', '2026-02-21 09:01:39', '2026-02-21 09:02:11', 0);
INSERT INTO withdrawals (id, user_id, amount, gifts_json, status, error_msg, created_at, processed_at, retry_count) VALUES (2, 5257227756, 50.0, '[{"id": 113, "name": "Rocket", "star_count": 50, "qty": 1}]', 'completed', 'Ошибка: telegram_gift_id not set', '2026-02-21 09:05:47', '2026-02-21 09:58:04', 0);
INSERT INTO withdrawals (id, user_id, amount, gifts_json, status, error_msg, created_at, processed_at, retry_count) VALUES (3, 5257227756, 45.0, '[{"id": 109, "name": "Bear", "star_count": 15, "qty": 3}]', 'completed', 'Ошибка: telegram_gift_id not set', '2026-02-21 09:09:06', '2026-02-21 09:58:03', 0);
INSERT INTO withdrawals (id, user_id, amount, gifts_json, status, error_msg, created_at, processed_at, retry_count) VALUES (4, 5257227756, 150.0, '[{"id": 113, "name": "Rocket", "star_count": 50, "qty": 1}, {"id": 118, "name": "Diamond", "star_count": 100, "qty": 1}]', 'completed', 'Ошибка: telegram_gift_id not set', '2026-02-21 09:12:24', '2026-02-21 09:58:02', 0);
INSERT INTO withdrawals (id, user_id, amount, gifts_json, status, error_msg, created_at, processed_at, retry_count) VALUES (5, 5257227756, 100.0, '[{"id": 118, "name": "Diamond", "star_count": 100, "qty": 1}]', 'completed', 'Ошибка: telegram_gift_id not set', '2026-02-21 09:24:39', '2026-02-21 09:58:01', 0);
INSERT INTO withdrawals (id, user_id, amount, gifts_json, status, error_msg, created_at, processed_at, retry_count) VALUES (6, 5257227756, 150.0, '[{"id": 114, "name": "Cake", "star_count": 50, "telegram_gift_id": "5170144170496491616", "qty": 1}, {"id": 118, "name": "Diamond", "star_count": 100, "telegram_gift_id": "5170521118301225164", "qty": 1}]', 'completed', 'Бот вывода не настроен', '2026-02-21 09:26:05', '2026-02-21 09:27:39', 0);
INSERT INTO withdrawals (id, user_id, amount, gifts_json, status, error_msg, created_at, processed_at, retry_count) VALUES (7, 5257227756, 15.0, '[{"id": 109, "name": "Bear", "star_count": 15, "telegram_gift_id": "5170233102089322756", "qty": 1}]', 'completed', 'Недостаточно звёзд на аккаунте вывода. Автоповтор...', '2026-02-21 09:27:52', '2026-02-21 09:57:59', 0);
INSERT INTO withdrawals (id, user_id, amount, gifts_json, status, error_msg, created_at, processed_at, retry_count) VALUES (8, 5257227756, 105.0, '[{"id": 109, "name": "Bear", "star_count": 15, "telegram_gift_id": "5170233102089322756", "qty": 2}, {"id": 111, "name": "Gift", "star_count": 25, "telegram_gift_id": "5170250947678437525", "qty": 1}, {"id": 114, "name": "Cake", "star_count": 50, "telegram_gift_id": "5170144170496491616", "qty": 1}]', 'completed', 'Аккаунт-зеркало не настроен', '2026-02-21 09:44:55', '2026-02-21 09:57:57', 0);
INSERT INTO withdrawals (id, user_id, amount, gifts_json, status, error_msg, created_at, processed_at, retry_count) VALUES (9, 5257227756, 300.0, '[{"id": 118, "name": "Diamond", "star_count": 100, "telegram_gift_id": "5170521118301225164", "qty": 3}]', 'completed', 'Аккаунт-зеркало не настроен', '2026-02-21 09:57:34', '2026-02-21 09:57:58', 0);
INSERT INTO withdrawals (id, user_id, amount, gifts_json, status, error_msg, created_at, processed_at, retry_count) VALUES (10, 6108150619, 15.0, '[{"id": 109, "name": "Bear", "star_count": 15, "telegram_gift_id": "5170233102089322756", "qty": 1}]', 'completed', '', '2026-02-21 10:13:40', '2026-02-21 10:13:40', 0);
INSERT INTO withdrawals (id, user_id, amount, gifts_json, status, error_msg, created_at, processed_at, retry_count) VALUES (11, 6108150619, 15.0, '[{"id": 109, "name": "Bear", "star_count": 15, "telegram_gift_id": "5170233102089322756", "qty": 1}]', 'completed', '', '2026-02-21 10:20:00', '2026-02-21 10:20:44', 0);
INSERT INTO withdrawals (id, user_id, amount, gifts_json, status, error_msg, created_at, processed_at, retry_count) VALUES (12, 5257227756, 15.0, '[{"id": 109, "name": "Bear", "star_count": 15, "telegram_gift_id": "5170233102089322756", "qty": 1}]', 'rejected', 'Отклонено администратором', '2026-02-21 10:52:51', '2026-02-21 12:57:02', 0);
INSERT INTO withdrawals (id, user_id, amount, gifts_json, status, error_msg, created_at, processed_at, retry_count) VALUES (13, 5257227756, 15.0, '[{"id": 109, "name": "Bear", "star_count": 15, "telegram_gift_id": "5170233102089322756", "qty": 1}]', 'completed', 'Ошибка: Telethon сессия не настроена. Авторизуйтесь в админке (QR/код/сессия).', '2026-02-21 13:25:09', '2026-02-21 14:35:02', 0);
INSERT INTO withdrawals (id, user_id, amount, gifts_json, status, error_msg, created_at, processed_at, retry_count) VALUES (14, 6108150619, 15.0, '[{"id": 109, "name": "Bear", "star_count": 15, "telegram_gift_id": "5170233102089322756", "qty": 1}]', 'completed', 'Ошибка: Telethon сессия не настроена. Авторизуйтесь в админке (QR/код/сессия).', '2026-02-21 13:48:51', '2026-02-21 14:35:03', 0);
INSERT INTO withdrawals (id, user_id, amount, gifts_json, status, error_msg, created_at, processed_at, retry_count) VALUES (15, 5257227756, 15.0, '[{"id": 109, "name": "Bear", "star_count": 15, "telegram_gift_id": "5170233102089322756", "qty": 1}]', 'rejected', 'Отклонено администратором', '2026-02-21 14:16:16', '2026-02-21 14:41:36', 0);
INSERT INTO withdrawals (id, user_id, amount, gifts_json, status, error_msg, created_at, processed_at, retry_count) VALUES (16, 5257227756, 15.0, '[{"id": 109, "name": "Bear", "star_count": 15, "telegram_gift_id": "5170233102089322756", "qty": 1}]', 'rejected', 'Отклонено администратором', '2026-02-21 14:31:11', '2026-02-21 14:41:33', 0);
INSERT INTO withdrawals (id, user_id, amount, gifts_json, status, error_msg, created_at, processed_at, retry_count) VALUES (17, 5257227756, 15.0, '[{"id": 109, "name": "Bear", "star_count": 15, "telegram_gift_id": "5170233102089322756", "qty": 1}]', 'completed', 'Недостаточно звёзд (попытка 1/10). Следующая через 5 мин...', '2026-02-21 14:41:55', '2026-02-21 14:42:59', 1);
INSERT INTO withdrawals (id, user_id, amount, gifts_json, status, error_msg, created_at, processed_at, retry_count) VALUES (18, 5257227756, 15.0, '[{"id": 109, "name": "Bear", "star_count": 15, "telegram_gift_id": "5170233102089322756", "qty": 1}]', 'completed', 'Недостаточно звёзд. Автоповтор...', '2026-02-21 14:49:49', '2026-02-21 14:50:05', 0);
INSERT INTO withdrawals (id, user_id, amount, gifts_json, status, error_msg, created_at, processed_at, retry_count) VALUES (19, 5257227756, 15.0, '[{"id": 109, "name": "Bear", "star_count": 15, "telegram_gift_id": "5170233102089322756", "qty": 1}]', 'failed', 'Ошибка: Таймаут соединения с relay сервером', '2026-02-21 15:00:49', NULL, 2);
INSERT INTO withdrawals (id, user_id, amount, gifts_json, status, error_msg, created_at, processed_at, retry_count) VALUES (20, 5257227756, 15.0, '[{"id": 110, "name": "Heart", "star_count": 15, "telegram_gift_id": "5170145012310081615", "qty": 1}]', 'failed', 'Ошибка: Таймаут соединения с relay сервером', '2026-02-21 15:03:11', NULL, 1);
INSERT INTO withdrawals (id, user_id, amount, gifts_json, status, error_msg, created_at, processed_at, retry_count) VALUES (21, 6108150619, 15.0, '[{"id": 109, "name": "Bear", "star_count": 15, "telegram_gift_id": "5170233102089322756", "qty": 1}]', 'failed', 'Ошибка: GAS ответ не JSON (status=200, len=223036, redir=True, body=<!DOCTYPE html>
<html lang="en">
  <head>
    <meta charset="utf-8">
    <meta name="viewport" content="width=device-width, initial-scale=1">
    <title>502</title>
    <style>@font-face {
  font-family: "Roobert";
  font-weight: 500;
  font-style: normal;
  font-stretch: normal;
  src: url("data:fo)', '2026-02-21 15:05:03', NULL, 1);
INSERT INTO withdrawals (id, user_id, amount, gifts_json, status, error_msg, created_at, processed_at, retry_count) VALUES (22, 5257227756, 15.0, '[{"id": 109, "name": "Bear", "star_count": 15, "telegram_gift_id": "5170233102089322756", "qty": 1}]', 'completed', 'Недостаточно звёзд на аккаунте вывода (попытка 1/10). Следующая через 5 мин...', '2026-02-21 15:23:15', '2026-02-21 15:27:17', 1);
INSERT INTO withdrawals (id, user_id, amount, gifts_json, status, error_msg, created_at, processed_at, retry_count) VALUES (23, 5257227756, 25.0, '[{"id": 111, "name": "Gift", "star_count": 25, "telegram_gift_id": "5170250947678437525", "qty": 1}]', 'completed', 'Недостаточно звёзд на аккаунте вывода. Автоповтор...', '2026-02-21 15:23:58', '2026-02-21 15:27:17', 0);
INSERT INTO withdrawals (id, user_id, amount, gifts_json, status, error_msg, created_at, processed_at, retry_count) VALUES (24, 5257227756, 100.0, '[{"id": 118, "name": "Diamond", "star_count": 100, "telegram_gift_id": "5170521118301225164", "qty": 1}]', 'completed', 'Недостаточно звёзд на аккаунте вывода. Автоповтор...', '2026-02-21 15:24:29', '2026-02-21 15:27:17', 0);
INSERT INTO withdrawals (id, user_id, amount, gifts_json, status, error_msg, created_at, processed_at, retry_count) VALUES (25, 5257227756, 40.0, '[{"id": 109, "name": "Bear", "star_count": 15, "telegram_gift_id": "5170233102089322756", "qty": 1}, {"id": 112, "name": "Rose", "star_count": 25, "telegram_gift_id": "5168103777563050263", "qty": 1}]', 'completed', 'Недостаточно звёзд на аккаунте вывода. Автоповтор...', '2026-02-21 15:24:43', '2026-02-21 15:27:17', 0);
INSERT INTO withdrawals (id, user_id, amount, gifts_json, status, error_msg, created_at, processed_at, retry_count) VALUES (26, 5257227756, 15.0, '[{"id": 109, "name": "Bear", "star_count": 15, "telegram_gift_id": "5170233102089322756", "qty": 1}]', 'failed', 'Недостаточно звёзд на аккаунте вывода (попытка 10/10). Пополните Stars на аккаунте и обработайте вручную.', '2026-02-21 15:43:48', NULL, 10);
INSERT INTO withdrawals (id, user_id, amount, gifts_json, status, error_msg, created_at, processed_at, retry_count) VALUES (27, 5257227756, 15.0, '[{"id": 5170145012310082000, "name": "Gift 15⭐", "star_count": 15, "telegram_gift_id": "5170145012310081615", "qty": 1}]', 'failed', 'Недостаточно звёзд на аккаунте вывода (попытка 10/10). Пополните Stars на аккаунте и обработайте вручную.', '2026-02-21 16:32:10', NULL, 10);
INSERT INTO withdrawals (id, user_id, amount, gifts_json, status, error_msg, created_at, processed_at, retry_count) VALUES (28, 5257227756, 15.0, '[{"id": 5170145012310082000, "name": "Gift 15⭐", "star_count": 15, "telegram_gift_id": "5170145012310081615", "qty": 1}]', 'failed', 'Недостаточно звёзд на аккаунте вывода (попытка 10/10). Пополните Stars на аккаунте и обработайте вручную.', '2026-02-21 17:06:47', NULL, 10);
INSERT INTO withdrawals (id, user_id, amount, gifts_json, status, error_msg, created_at, processed_at, retry_count) VALUES (29, 5257227756, 15.0, '[{"id": 5170145012310082000, "name": "Gift 15⭐", "star_count": 15, "telegram_gift_id": "5170145012310081615", "qty": 1}]', 'failed', 'Недостаточно звёзд на аккаунте вывода (попытка 10/10). Пополните Stars на аккаунте и обработайте вручную.', '2026-02-21 17:49:21', NULL, 10);
INSERT INTO withdrawals (id, user_id, amount, gifts_json, status, error_msg, created_at, processed_at, retry_count) VALUES (30, 5257227756, 15.0, '[{"id": 5170145012310082000, "name": "Gift 15⭐", "star_count": 15, "telegram_gift_id": "5170145012310081615", "qty": 1}]', 'failed', 'Подарок не найден в каталоге Telegram (STARGIFT_INVALID). Проверьте ID подарка в разделе Каталог Telegram.', '2026-02-21 18:44:05', NULL, 1);
INSERT INTO withdrawals (id, user_id, amount, gifts_json, status, error_msg, created_at, processed_at, retry_count) VALUES (31, 5257227756, 15.0, '[{"id": 109, "name": "Bear", "star_count": 15, "telegram_gift_id": "5170233102089322756", "qty": 1}]', 'failed', 'Ошибка: Сессия не настроена', '2026-02-21 19:12:55', NULL, 0);
INSERT INTO withdrawals (id, user_id, amount, gifts_json, status, error_msg, created_at, processed_at, retry_count) VALUES (32, 5257227756, 15.0, '[{"id": 5170145012310082000, "name": "Gift 15⭐", "star_count": 15, "telegram_gift_id": "5170145012310081615", "qty": 1}]', 'failed', 'Подарок не найден в каталоге Telegram (STARGIFT_INVALID). Проверьте ID подарка в разделе Каталог Telegram.', '2026-02-21 19:16:12', NULL, 0);
INSERT INTO withdrawals (id, user_id, amount, gifts_json, status, error_msg, created_at, processed_at, retry_count) VALUES (33, 5257227756, 15.0, '[{"id": 5170233102089322000, "name": "Gift 15⭐", "star_count": 15, "telegram_gift_id": "5170233102089322756", "qty": 1}]', 'failed', 'Подарок не найден в каталоге Telegram (STARGIFT_INVALID). Проверьте ID подарка в разделе Каталог Telegram.', '2026-02-21 19:16:50', NULL, 0);
INSERT INTO withdrawals (id, user_id, amount, gifts_json, status, error_msg, created_at, processed_at, retry_count) VALUES (34, 5257227756, 15.0, '[{"id": 5170145012310082000, "name": "Gift 15⭐", "star_count": 15, "telegram_gift_id": "5170145012310081615", "qty": 1}]', 'failed', 'Подарок не найден в каталоге Telegram (STARGIFT_INVALID). Проверьте ID подарка в разделе Каталог Telegram.', '2026-02-21 19:16:58', NULL, 0);
INSERT INTO withdrawals (id, user_id, amount, gifts_json, status, error_msg, created_at, processed_at, retry_count) VALUES (35, 5257227756, 15.0, '[{"id": 5170145012310082000, "name": "Gift 15⭐", "star_count": 15, "telegram_gift_id": "5170145012310081615", "qty": 1}]', 'failed', 'Ошибка: Сессия не настроена', '2026-02-21 19:34:07', NULL, 0);
INSERT INTO withdrawals (id, user_id, amount, gifts_json, status, error_msg, created_at, processed_at, retry_count) VALUES (36, 5257227756, 15.0, '[{"id": 5170145012310082000, "name": "Gift 15⭐", "star_count": 15, "telegram_gift_id": "5170145012310081615", "qty": 1}]', 'failed', 'Авто-исправлено: Ошибка: STARGIFT_INVALID: подарок 5170145012310082000 не найден в каталоге Telegram. Доступные ID: 5170145012310081615(15⭐), 5170233102089322756(15⭐), 5170250947678437525(25⭐), 5168103777563050263(25⭐), 5170144170496491616(50⭐), 5170314324215857265(50⭐), 5170564780938756245(50⭐), 5168043875654172773(100⭐), 5170690322832818290(100⭐), 5170521118301225164(100⭐), 6028601630662853006(50⭐). Автоповтор...', '2026-02-21 19:35:58', NULL, 0);
INSERT INTO withdrawals (id, user_id, amount, gifts_json, status, error_msg, created_at, processed_at, retry_count) VALUES (37, 5257227756, 15.0, '[{"id": 5170233102089322000, "name": "Gift 15⭐", "star_count": 15, "telegram_gift_id": "5170233102089322756", "qty": 1}]', 'failed', 'Авто-исправлено: Ошибка: STARGIFT_INVALID: подарок 5170233102089322000 не найден в каталоге Telegram. Доступные ID: 5170145012310081615(15⭐), 5170233102089322756(15⭐), 5170250947678437525(25⭐), 5168103777563050263(25⭐), 5170144170496491616(50⭐), 5170314324215857265(50⭐), 5170564780938756245(50⭐), 5168043875654172773(100⭐), 5170690322832818290(100⭐), 5170521118301225164(100⭐), 6028601630662853006(50⭐). Автоповтор...', '2026-02-21 19:38:08', NULL, 0);
INSERT INTO withdrawals (id, user_id, amount, gifts_json, status, error_msg, created_at, processed_at, retry_count) VALUES (38, 5257227756, 15.0, '[{"id": 5170233102089322000, "name": "Gift 15⭐", "star_count": 15, "telegram_gift_id": "5170233102089322756", "qty": 1}]', 'failed', 'Авто-исправлено: Ошибка: STARGIFT_INVALID: подарок 5170233102089322000 не найден в каталоге Telegram. Доступные ID: 5170145012310081615(15⭐), 5170233102089322756(15⭐), 5170250947678437525(25⭐), 5168103777563050263(25⭐), 5170144170496491616(50⭐), 5170314324215857265(50⭐), 5170564780938756245(50⭐), 5168043875654172773(100⭐), 5170690322832818290(100⭐), 5170521118301225164(100⭐), 6028601630662853006(50⭐). Автоповтор...', '2026-02-21 19:38:17', NULL, 0);
INSERT INTO withdrawals (id, user_id, amount, gifts_json, status, error_msg, created_at, processed_at, retry_count) VALUES (39, 5257227756, 15.0, '[{"id": 5170145012310082000, "name": "Gift 15⭐", "star_count": 15, "telegram_gift_id": "5170145012310081615", "qty": 1}]', 'failed', 'Авто-исправлено: Ошибка: STARGIFT_INVALID: подарок 5170145012310082000 не найден в каталоге Telegram. Доступные ID: 5170145012310081615(15⭐), 5170233102089322756(15⭐), 5170250947678437525(25⭐), 5168103777563050263(25⭐), 5170144170496491616(50⭐), 5170314324215857265(50⭐), 5170564780938756245(50⭐), 5168043875654172773(100⭐), 5170690322832818290(100⭐), 5170521118301225164(100⭐), 6028601630662853006(50⭐). Автоповтор...', '2026-02-21 19:38:28', NULL, 0);
INSERT INTO withdrawals (id, user_id, amount, gifts_json, status, error_msg, created_at, processed_at, retry_count) VALUES (40, 5257227756, 15.0, '[{"id": 5170145012310082000, "name": "Gift 15⭐", "star_count": 15, "telegram_gift_id": "5170145012310081615", "qty": 1}]', 'rejected', 'Отклонено администратором', '2026-02-21 19:39:22', '2026-02-21 22:14:43', 0);
INSERT INTO withdrawals (id, user_id, amount, gifts_json, status, error_msg, created_at, processed_at, retry_count) VALUES (41, 5257227756, 15.0, '[{"id": 5170233102089322000, "name": "Gift 15⭐", "star_count": 15, "telegram_gift_id": "5170233102089322756", "qty": 1}]', 'failed', 'Подарок не найден в каталоге Telegram (STARGIFT_INVALID). Проверьте ID подарка в разделе Каталог Telegram.', '2026-02-21 19:39:29', NULL, 0);
INSERT INTO withdrawals (id, user_id, amount, gifts_json, status, error_msg, created_at, processed_at, retry_count) VALUES (42, 5257227756, 25.0, '[{"id": 5170250947678437000, "name": "Gift 25⭐", "star_count": 25, "telegram_gift_id": "5170250947678437525", "qty": 1}]', 'completed', 'Ошибка: STARGIFT_INVALID: подарок 5170250947678437000 не найден в каталоге Telegram. Доступные ID: 5170145012310081615(15⭐), 5170233102089322756(15⭐), 5170250947678437525(25⭐), 5168103777563050263(25⭐), 5170144170496491616(50⭐), 5170314324215857265(50⭐), 5170564780938756245(50⭐), 5168043875654172773(100⭐), 5170690322832818290(100⭐), 5170521118301225164(100⭐), 6028601630662853006(50⭐). Автоповтор...', '2026-02-21 19:40:40', '2026-02-21 19:41:57', 0);
INSERT INTO withdrawals (id, user_id, amount, gifts_json, status, error_msg, created_at, processed_at, retry_count) VALUES (43, 5257227756, 15.0, '[{"id": 5170145012310082000, "name": "Gift 15⭐", "star_count": 15, "telegram_gift_id": "5170145012310081615", "qty": 1}]', 'completed', '', '2026-02-21 19:51:20', '2026-02-21 19:51:22', 0);
INSERT INTO withdrawals (id, user_id, amount, gifts_json, status, error_msg, created_at, processed_at, retry_count) VALUES (44, 5257227756, 50.0, '[{"id": 5170314324215857000, "name": "Gift 50⭐", "star_count": 50, "telegram_gift_id": "5170314324215857265", "qty": 1}]', 'completed', '', '2026-02-21 19:55:04', '2026-02-21 19:55:08', 0);
INSERT INTO withdrawals (id, user_id, amount, gifts_json, status, error_msg, created_at, processed_at, retry_count) VALUES (45, 5257227756, 15.0, '[{"id": 5170145012310082000, "name": "Gift 15⭐", "star_count": 15, "telegram_gift_id": "5170145012310081615", "qty": 1}]', 'completed', '', '2026-02-21 19:55:51', '2026-02-21 19:55:53', 0);
INSERT INTO withdrawals (id, user_id, amount, gifts_json, status, error_msg, created_at, processed_at, retry_count) VALUES (46, 7589153715, 15.0, '[{"id": 5170233102089322000, "name": "Gift 15⭐", "star_count": 15, "telegram_gift_id": "5170233102089322756", "qty": 1}]', 'completed', '', '2026-02-21 19:56:45', '2026-02-21 19:56:47', 0);
INSERT INTO withdrawals (id, user_id, amount, gifts_json, status, error_msg, created_at, processed_at, retry_count) VALUES (47, 7589153715, 15.0, '[{"id": 5170233102089322000, "name": "Gift 15⭐", "star_count": 15, "telegram_gift_id": "5170233102089322756", "qty": 1}]', 'completed', '', '2026-02-21 19:57:26', '2026-02-21 19:57:28', 0);
INSERT INTO withdrawals (id, user_id, amount, gifts_json, status, error_msg, created_at, processed_at, retry_count) VALUES (48, 5257227756, 15.0, '[{"telegram_gift_id": "5170233102089322756", "star_count": 15, "qty": 1, "name": "Bear"}]', 'rejected', 'Отклонено администратором', '2026-02-21 20:20:41', '2026-02-21 20:22:15', 0);
INSERT INTO withdrawals (id, user_id, amount, gifts_json, status, error_msg, created_at, processed_at, retry_count) VALUES (49, 5257227756, 15.0, '[{"telegram_gift_id": "5170233102089322756", "star_count": 15, "qty": 1, "name": "Bear"}]', 'completed', '', '2026-02-21 20:22:23', '2026-02-21 20:22:25', 0);
INSERT INTO withdrawals (id, user_id, amount, gifts_json, status, error_msg, created_at, processed_at, retry_count) VALUES (50, 5257227756, 25.0, '[{"telegram_gift_id": "5168103777563050263", "star_count": 25, "qty": 1, "name": "Rose"}]', 'completed', '', '2026-02-21 20:22:31', '2026-02-21 20:22:33', 0);
INSERT INTO withdrawals (id, user_id, amount, gifts_json, status, error_msg, created_at, processed_at, retry_count) VALUES (51, 6108150619, 15.0, '[{"id": 5170145012310082000, "name": "Gift 15⭐", "star_count": 15, "telegram_gift_id": "5170145012310081615", "qty": 1}]', 'completed', '', '2026-02-21 20:36:50', '2026-02-21 20:36:55', 0);
INSERT INTO withdrawals (id, user_id, amount, gifts_json, status, error_msg, created_at, processed_at, retry_count) VALUES (52, 5257227756, 15.0, '[{"id": 109, "name": "Bear", "star_count": 15, "telegram_gift_id": "5170233102089322756", "qty": 1}]', 'failed', 'Ошибка вывода. Обратитесь в поддержку.', '2026-02-21 21:06:29', NULL, 0);
INSERT INTO withdrawals (id, user_id, amount, gifts_json, status, error_msg, created_at, processed_at, retry_count) VALUES (53, 7589153715, 15.0, '[{"telegram_gift_id": "5170233102089322756", "star_count": 15, "qty": 1, "name": "Bear"}]', 'rejected', 'Отклонено администратором', '2026-02-21 22:07:20', '2026-02-21 22:14:43', 0);
INSERT INTO withdrawals (id, user_id, amount, gifts_json, status, error_msg, created_at, processed_at, retry_count) VALUES (54, 7589153715, 100.0, '[{"telegram_gift_id": "5170521118301225164", "star_count": 100, "qty": 1, "name": "Diamond"}]', 'failed', 'Ошибка вывода. Обратитесь в поддержку.', '2026-02-21 22:33:31', NULL, 0);
INSERT INTO withdrawals (id, user_id, amount, gifts_json, status, error_msg, created_at, processed_at, retry_count) VALUES (55, 5257227756, 15.0, '[{"telegram_gift_id": "5170145012310081615", "star_count": 15, "qty": 1, "name": "Heart"}]', 'failed', 'Ошибка вывода. Обратитесь в поддержку.', '2026-02-21 22:40:13', NULL, 0);
INSERT INTO withdrawals (id, user_id, amount, gifts_json, status, error_msg, created_at, processed_at, retry_count) VALUES (56, 5257227756, 15.0, '[{"telegram_gift_id": "5170145012310081615", "star_count": 15, "qty": 1, "name": "Heart"}]', 'completed', '', '2026-02-21 23:11:01', '2026-02-21 23:11:03', 0);
INSERT INTO withdrawals (id, user_id, amount, gifts_json, status, error_msg, created_at, processed_at, retry_count) VALUES (57, 7589153715, 15.0, '[{"telegram_gift_id": "5170233102089322756", "star_count": 15, "qty": 1, "name": "Bear"}]', 'failed', 'Ошибка вывода. Обратитесь в поддержку.', '2026-02-22 06:59:07', NULL, 0);
INSERT INTO withdrawals (id, user_id, amount, gifts_json, status, error_msg, created_at, processed_at, retry_count) VALUES (58, 7589153715, 25.0, '[{"telegram_gift_id": "5168103777563050263", "star_count": 25, "qty": 1, "name": "Rose"}]', 'failed', 'Ошибка вывода. Обратитесь в поддержку.', '2026-02-22 06:59:56', NULL, 0);
INSERT INTO withdrawals (id, user_id, amount, gifts_json, status, error_msg, created_at, processed_at, retry_count) VALUES (59, 7936056945, 15.0, '[{"telegram_gift_id": "5170233102089322756", "star_count": 15, "qty": 1, "name": "Bear"}]', 'completed', 'Ошибка вывода. Обратитесь в поддержку.', '2026-02-22 07:04:53', '2026-02-22 11:25:43', 0);
INSERT INTO withdrawals (id, user_id, amount, gifts_json, status, error_msg, created_at, processed_at, retry_count) VALUES (60, 5257227756, 25.0, '[{"telegram_gift_id": "5168103777563050263", "star_count": 25, "qty": 1, "name": "Rose"}]', 'completed', 'Ошибка вывода. Обратитесь в поддержку.', '2026-02-22 10:55:08', '2026-02-22 11:25:41', 0);
INSERT INTO withdrawals (id, user_id, amount, gifts_json, status, error_msg, created_at, processed_at, retry_count) VALUES (61, 5257227756, 15.0, '[{"telegram_gift_id": "5170233102089322756", "star_count": 15, "qty": 1, "name": "Bear"}]', 'completed', '', '2026-02-22 11:27:37', '2026-02-22 11:27:41', 0);
INSERT INTO withdrawals (id, user_id, amount, gifts_json, status, error_msg, created_at, processed_at, retry_count) VALUES (62, 5257227756, 15.0, '[{"telegram_gift_id": "5170233102089322756", "star_count": 15, "qty": 1, "name": "Bear"}]', 'failed', 'Ошибка вывода. Обратитесь в поддержку.', '2026-02-22 12:12:42', NULL, 0);
INSERT INTO withdrawals (id, user_id, amount, gifts_json, status, error_msg, created_at, processed_at, retry_count) VALUES (63, 5257227756, 15.0, '[{"telegram_gift_id": "5170233102089322756", "star_count": 15, "qty": 1, "name": "Bear"}]', 'failed', 'Ошибка вывода. Обратитесь в поддержку.', '2026-02-22 12:13:32', NULL, 0);
INSERT INTO withdrawals (id, user_id, amount, gifts_json, status, error_msg, created_at, processed_at, retry_count) VALUES (64, 5257227756, 15.0, '[{"telegram_gift_id": "5170233102089322756", "star_count": 15, "qty": 1, "name": "Bear"}]', 'completed', '', '2026-02-22 12:15:48', '2026-02-22 12:15:51', 0);
INSERT INTO withdrawals (id, user_id, amount, gifts_json, status, error_msg, created_at, processed_at, retry_count) VALUES (65, 5257227756, 15.0, '[{"telegram_gift_id": "5170233102089322756", "star_count": 15, "qty": 1, "name": "Bear"}]', 'completed', '', '2026-02-22 12:22:31', '2026-02-22 12:22:34', 0);
INSERT INTO withdrawals (id, user_id, amount, gifts_json, status, error_msg, created_at, processed_at, retry_count) VALUES (66, 5257227756, 15.0, '[{"telegram_gift_id": "5170233102089322756", "star_count": 15, "qty": 1, "name": "Bear"}]', 'completed', '', '2026-02-22 12:28:20', '2026-02-22 12:28:24', 0);
INSERT INTO withdrawals (id, user_id, amount, gifts_json, status, error_msg, created_at, processed_at, retry_count) VALUES (67, 5257227756, 15.0, '[{"telegram_gift_id": "5170233102089322756", "star_count": 15, "qty": 1, "name": "Bear"}]', 'completed', '', '2026-02-22 12:52:48', '2026-02-22 12:52:50', 0);
INSERT INTO withdrawals (id, user_id, amount, gifts_json, status, error_msg, created_at, processed_at, retry_count) VALUES (68, 7726160961, 15.0, '[{"telegram_gift_id": "5170233102089322756", "star_count": 15, "qty": 1, "name": "Bear"}]', 'failed', 'Ошибка вывода. Обратитесь в поддержку.', '2026-02-24 18:43:43', NULL, 0);
INSERT INTO withdrawals (id, user_id, amount, gifts_json, status, error_msg, created_at, processed_at, retry_count) VALUES (69, 5257227756, 15.0, '[{"telegram_gift_id": "5170145012310081615", "star_count": 15, "qty": 1, "name": "Heart"}]', 'failed', 'Ошибка вывода. Обратитесь в поддержку.', '2026-02-24 19:24:23', NULL, 0);
INSERT INTO withdrawals (id, user_id, amount, gifts_json, status, error_msg, created_at, processed_at, retry_count) VALUES (70, 5257227756, 15.0, '[{"telegram_gift_id": "5170145012310081615", "star_count": 15, "qty": 1, "name": "Heart"}]', 'failed', 'Ошибка вывода. Обратитесь в поддержку.', '2026-02-24 19:24:49', NULL, 0);
INSERT INTO withdrawals (id, user_id, amount, gifts_json, status, error_msg, created_at, processed_at, retry_count) VALUES (71, 7638498922, 15.0, '[{"telegram_gift_id": "5170233102089322756", "star_count": 15, "qty": 1, "name": "Bear"}]', 'failed', 'Ошибка вывода. Обратитесь в поддержку.', '2026-02-24 19:27:59', NULL, 0);
SELECT setval(pg_get_serial_sequence('withdrawals', 'id'), COALESCE((SELECT MAX(id) FROM withdrawals), 1));

INSERT INTO star_transactions (id, telegram_id, charge_id, amount, refunded, created_at) VALUES (1, 7726160961, 'stx2MoxQqRmBqfXrLh9wGpK_obOT8XrKshknZ6nF2500aBM7OnIuMKagqmbr7TxK70qr-zYfZseFXG6iKwXWJVvXRp3KSF0zN8QPcghKfrpRyyXOuHZIy9YdHdSw3Q1bSTO', 485.0, 0, '2026-02-23 10:24:58');
SELECT setval(pg_get_serial_sequence('star_transactions', 'id'), COALESCE((SELECT MAX(id) FROM star_transactions), 1));
